,"Sequence frequency (Jungck, 1978)","A parameter of charge transfer capability (Charton-Charton, 1983)","A parameter of charge transfer donor capability (Charton-Charton, 1983)","Number of hydrogen bond donors (Fauchere et al., 1988)","Number of full nonbonding orbitals (Fauchere et al., 1988)","Positive charge (Fauchere et al., 1988)","Negative charge (Fauchere et al., 1988)","Net charge (Klein et al., 1984)","Hydropathy scale based on self-information values in the two-state model (5%  accessibility) (Naderi-Manesh et al., 2001)","Hydropathy scale based on self-information values in the two-state model (9%  accessibility) (Naderi-Manesh et al., 2001)","Hydropathy scale based on self-information values in the two-state model (16%  accessibility) (Naderi-Manesh et al., 2001)","Hydropathy scale based on self-information values in the two-state model (20%  accessibility) (Naderi-Manesh et al., 2001)","Hydropathy scale based on self-information values in the two-state model (25%  accessibility) (Naderi-Manesh et al., 2001)","Hydropathy scale based on self-information values in the two-state model (36%  accessibility) (Naderi-Manesh et al., 2001)","Hydropathy scale based on self-information values in the two-state model (50%  accessibility) (Naderi-Manesh et al., 2001)","Retention coefficient at pH 2 (Guo et al., 1986)","Bitterness (Venanzi, 1984)","Total weighted degree of the graph (obtained by adding all the weightsof all the vertices) (Karkbara-Knisley, 2016)","Weighted domination number (Karkbara-Knisley, 2016)","Weighted domination number using the atomic number (Karkbara-Knisley, 2016)","Melting point (Fasman, 1976)","Radius (minimum eccentricity) (Karkbara-Knisley, 2016)","Diameter (maximum eccentricity) (Karkbara-Knisley, 2016)","Weighted radius based on the atomic number (minimum eccentricity) (Karkbara-Knisley, 2016)","Weighted diameter based on the atomic number (maximum eccentricity)(Karkbara-Knisley, 2016)","Percentage of buried residues (Janin et al., 1978)","Percentage of exposed residues (Janin et al., 1978)","Relative mutability (Jones et al., 1992)","Number of vertices (order of the graph) (Karkbara-Knisley, 2016)","Number of edges (size of the graph) (Karkbara-Knisley, 2016)","Information value for accessibility; average fraction 35% (Biou et al.,1988)","Information value for accessibility; average fraction 23% (Biou et al.,1988)","The number of atoms in the side chain labelled 1+1 (Charton-Charton,1983)","The number of atoms in the side chain labelled 2+1 (Charton-Charton,1983)","The number of bonds in the longest chain (Charton-Charton, 1983)","Residue accessible surface area in tripeptide (Chothia, 1976)","Residue accessible surface area in folded protein (Chothia, 1976)","Average side chain orientation angle (Meirovitch et al., 1980)"
A,685.0,0.0,0.0,0.0,0.0,0.0,0.0,0.0,58.0,51.0,41.0,32.0,24.0,5.0,-2.0,25.0,0.0,2.0,1.0,6.0,297.0,1.0,1.0,6.0,6.0,51.0,15.0,100.0,2.0,1.0,16.0,44.0,0.0,0.0,0.0,115.0,25.0,87.0
R,382.0,0.0,1.0,4.0,3.0,1.0,0.0,1.0,-184.0,-144.0,-109.0,-95.0,-79.0,-57.0,-41.0,-7.0,0.0,12.0,6.0,19.0,238.0,6.0,12.0,20.0,38.0,5.0,67.0,83.0,8.0,7.0,-70.0,-68.0,1.0,1.0,5.0,225.0,90.0,81.0
N,397.0,1.0,1.0,2.0,3.0,0.0,0.0,0.0,-93.0,-84.0,-74.0,-73.0,-76.0,-77.0,-97.0,-7.0,0.0,8.0,4.0,12.0,236.0,3.0,6.0,14.0,20.0,22.0,49.0,104.0,5.0,4.0,-74.0,-72.0,1.0,1.0,2.0,160.0,63.0,70.0
D,400.0,1.0,0.0,1.0,4.0,0.0,1.0,-1.0,-97.0,-78.0,-47.0,-29.0,0.0,45.0,248.0,2.0,0.0,8.0,4.0,12.0,270.0,3.0,6.0,12.0,20.0,19.0,50.0,86.0,5.0,4.0,-78.0,-91.0,1.0,1.0,2.0,150.0,50.0,71.0
C,241.0,0.0,1.0,0.0,0.0,0.0,0.0,0.0,116.0,137.0,169.0,182.0,194.0,224.0,329.0,32.0,0.0,4.0,2.0,6.0,178.0,1.0,3.0,12.0,22.0,74.0,5.0,44.0,3.0,2.0,168.0,90.0,1.0,0.0,1.0,135.0,19.0,104.0
E,427.0,1.0,0.0,1.0,4.0,0.0,1.0,-1.0,-131.0,-115.0,-90.0,-74.0,-57.0,-8.0,117.0,14.0,0.0,10.0,5.0,12.0,249.0,4.0,8.0,14.0,26.0,16.0,55.0,77.0,6.0,5.0,-106.0,-139.0,1.0,1.0,3.0,190.0,49.0,72.0
Q,313.0,0.0,1.0,2.0,3.0,0.0,0.0,0.0,-139.0,-128.0,-104.0,-95.0,-87.0,-67.0,-37.0,0.0,0.0,10.0,4.0,12.0,185.0,4.0,8.0,15.0,24.0,16.0,56.0,84.0,6.0,5.0,-73.0,-117.0,1.0,1.0,3.0,180.0,71.0,66.0
G,707.0,1.0,0.0,0.0,0.0,0.0,0.0,0.0,-11.0,-13.0,-18.0,-22.0,-28.0,-47.0,-66.0,-2.0,0.0,0.0,1.0,1.0,290.0,0.0,0.0,1.0,6.0,52.0,10.0,50.0,1.0,0.0,-13.0,-8.0,0.0,0.0,0.0,75.0,23.0,90.0
H,155.0,0.0,1.0,1.0,1.0,1.0,0.0,0.0,-73.0,-55.0,-35.0,-25.0,-31.0,-50.0,-70.0,-26.0,0.0,14.0,6.0,15.0,277.0,6.0,9.0,18.0,31.0,34.0,34.0,91.0,7.0,6.0,50.0,47.0,1.0,1.0,3.0,195.0,43.0,90.0
I,394.0,0.0,0.0,0.0,0.0,0.0,0.0,0.0,107.0,106.0,104.0,106.0,102.0,83.0,28.0,91.0,1.0,8.0,4.0,12.0,284.0,3.0,6.0,12.0,18.0,66.0,13.0,103.0,5.0,4.0,151.0,100.0,2.0,1.0,2.0,175.0,18.0,105.0
L,581.0,0.0,0.0,0.0,0.0,0.0,0.0,0.0,95.0,103.0,103.0,104.0,103.0,82.0,36.0,100.0,1.0,8.0,4.0,12.0,337.0,3.0,6.0,12.0,18.0,60.0,16.0,54.0,5.0,4.0,145.0,108.0,1.0,2.0,2.0,170.0,23.0,104.0
K,575.0,0.0,1.0,2.0,1.0,1.0,0.0,1.0,-24.0,-205.0,-148.0,-124.0,-9.0,-38.0,115.0,-26.0,0.0,10.0,4.0,12.0,224.0,5.0,9.0,18.0,31.0,3.0,85.0,72.0,6.0,5.0,-141.0,-188.0,1.0,1.0,4.0,200.0,97.0,65.0
M,132.0,0.0,1.0,0.0,0.0,0.0,0.0,0.0,78.0,73.0,77.0,82.0,90.0,83.0,62.0,68.0,0.0,8.0,4.0,18.0,283.0,3.0,7.0,18.0,34.0,52.0,20.0,93.0,5.0,4.0,124.0,121.0,1.0,1.0,3.0,185.0,31.0,100.0
F,303.0,0.0,1.0,0.0,0.0,0.0,0.0,0.0,92.0,108.0,128.0,132.0,131.0,117.0,120.0,100.0,1.0,14.0,6.0,18.0,284.0,6.0,11.0,18.0,24.0,58.0,10.0,51.0,8.0,8.0,189.0,148.0,1.0,1.0,4.0,210.0,24.0,108.0
P,366.0,0.0,0.0,0.0,0.0,0.0,0.0,0.0,-79.0,-79.0,-81.0,-82.0,-85.0,-103.0,-132.0,25.0,0.0,8.0,4.0,12.0,222.0,4.0,4.0,12.0,12.0,25.0,45.0,58.0,4.0,4.0,-20.0,-36.0,0.0,0.0,0.0,145.0,50.0,78.0
S,593.0,0.0,0.0,1.0,2.0,0.0,0.0,0.0,-34.0,-26.0,-31.0,-34.0,-36.0,-41.0,-52.0,-2.0,0.0,4.0,2.0,6.0,228.0,2.0,3.0,8.0,20.0,35.0,32.0,117.0,3.0,2.0,-70.0,-60.0,1.0,0.0,1.0,115.0,44.0,83.0
T,490.0,0.0,0.0,1.0,2.0,0.0,0.0,0.0,-7.0,-3.0,10.0,20.0,34.0,79.0,174.0,7.0,0.0,6.0,3.0,6.0,253.0,1.0,4.0,8.0,14.0,30.0,32.0,107.0,4.0,3.0,-38.0,-54.0,2.0,0.0,1.0,140.0,47.0,83.0
W,99.0,0.0,1.0,1.0,0.0,0.0,0.0,0.0,59.0,69.0,102.0,118.0,116.0,130.0,179.0,109.0,1.0,24.0,8.0,24.0,282.0,9.0,14.0,18.0,36.0,49.0,17.0,25.0,11.0,12.0,145.0,163.0,1.0,1.0,5.0,255.0,32.0,94.0
Y,292.0,0.0,1.0,1.0,2.0,0.0,0.0,0.0,-11.0,11.0,36.0,44.0,43.0,27.0,-7.0,56.0,1.0,18.0,7.0,18.0,344.0,6.0,13.0,20.0,38.0,24.0,41.0,50.0,9.0,9.0,53.0,22.0,1.0,1.0,5.0,230.0,60.0,83.0
V,553.0,0.0,0.0,0.0,0.0,0.0,0.0,0.0,100.0,108.0,116.0,113.0,111.0,117.0,114.0,62.0,1.0,6.0,3.0,6.0,293.0,1.0,4.0,6.0,12.0,64.0,14.0,98.0,4.0,3.0,123.0,117.0,2.0,0.0,1.0,155.0,18.0,94.0
